municipio;profissao;ano;jornada;nivel;descricao;classe;vencimento;lei;fonte_url
Curitiba;Auxiliar Administrativo Operacional;2026;40;I;Parte permanente — Nível I;I;2180,44;"Portaria SMGP nº 4/2026, Anexo B1 — parte permanente; Lei nº 16.198/2023";https://mid-transparencia.curitiba.pr.gov.br/funcionarios/ano_2026_tabelas_salariais_20260204.pdf
Curitiba;Auxiliar Administrativo Operacional;2026;40;I;Parte permanente — Nível I;II;2241,49;"Portaria SMGP nº 4/2026, Anexo B1 — parte permanente; Lei nº 16.198/2023";https://mid-transparencia.curitiba.pr.gov.br/funcionarios/ano_2026_tabelas_salariais_20260204.pdf
Curitiba;Auxiliar Administrativo Operacional;2026;40;I;Parte permanente — Nível I;III;2304,25;"Portaria SMGP nº 4/2026, Anexo B1 — parte permanente; Lei nº 16.198/2023";https://mid-transparencia.curitiba.pr.gov.br/funcionarios/ano_2026_tabelas_salariais_20260204.pdf
Curitiba;Auxiliar Administrativo Operacional;2026;40;I;Parte permanente — Nível I;IV;2368,77;"Portaria SMGP nº 4/2026, Anexo B1 — parte permanente; Lei nº 16.198/2023";https://mid-transparencia.curitiba.pr.gov.br/funcionarios/ano_2026_tabelas_salariais_20260204.pdf
Curitiba;Auxiliar Administrativo Operacional;2026;40;I;Parte permanente — Nível I;V;2435,10;"Portaria SMGP nº 4/2026, Anexo B1 — parte permanente; Lei nº 16.198/2023";https://mid-transparencia.curitiba.pr.gov.br/funcionarios/ano_2026_tabelas_salariais_20260204.pdf
Curitiba;Auxiliar Administrativo Operacional;2026;40;I;Parte permanente — Nível I;VI;2503,28;"Portaria SMGP nº 4/2026, Anexo B1 — parte permanente; Lei nº 16.198/2023";https://mid-transparencia.curitiba.pr.gov.br/funcionarios/ano_2026_tabelas_salariais_20260204.pdf
Curitiba;Auxiliar Administrativo Operacional;2026;40;I;Parte permanente — Nível I;VII;2573,37;"Portaria SMGP nº 4/2026, Anexo B1 — parte permanente; Lei nº 16.198/2023";https://mid-transparencia.curitiba.pr.gov.br/funcionarios/ano_2026_tabelas_salariais_20260204.pdf
Curitiba;Auxiliar Administrativo Operacional;2026;40;I;Parte permanente — Nível I;VIII;2645,43;"Portaria SMGP nº 4/2026, Anexo B1 — parte permanente; Lei nº 16.198/2023";https://mid-transparencia.curitiba.pr.gov.br/funcionarios/ano_2026_tabelas_salariais_20260204.pdf
Curitiba;Auxiliar Administrativo Operacional;2026;40;I;Parte permanente — Nível I;IX;2719,50;"Portaria SMGP nº 4/2026, Anexo B1 — parte permanente; Lei nº 16.198/2023";https://mid-transparencia.curitiba.pr.gov.br/funcionarios/ano_2026_tabelas_salariais_20260204.pdf
Curitiba;Auxiliar Administrativo Operacional;2026;40;I;Parte permanente — Nível I;X;2795,65;"Portaria SMGP nº 4/2026, Anexo B1 — parte permanente; Lei nº 16.198/2023";https://mid-transparencia.curitiba.pr.gov.br/funcionarios/ano_2026_tabelas_salariais_20260204.pdf
Curitiba;Auxiliar Administrativo Operacional;2026;40;I;Parte permanente — Nível I;XI;2873,93;"Portaria SMGP nº 4/2026, Anexo B1 — parte permanente; Lei nº 16.198/2023";https://mid-transparencia.curitiba.pr.gov.br/funcionarios/ano_2026_tabelas_salariais_20260204.pdf
Curitiba;Auxiliar Administrativo Operacional;2026;40;I;Parte permanente — Nível I;XII;2954,39;"Portaria SMGP nº 4/2026, Anexo B1 — parte permanente; Lei nº 16.198/2023";https://mid-transparencia.curitiba.pr.gov.br/funcionarios/ano_2026_tabelas_salariais_20260204.pdf
Curitiba;Auxiliar Administrativo Operacional;2026;40;I;Parte permanente — Nível I;XIII;3037,12;"Portaria SMGP nº 4/2026, Anexo B1 — parte permanente; Lei nº 16.198/2023";https://mid-transparencia.curitiba.pr.gov.br/funcionarios/ano_2026_tabelas_salariais_20260204.pdf
Curitiba;Auxiliar Administrativo Operacional;2026;40;I;Parte permanente — Nível I;XIV;3122,16;"Portaria SMGP nº 4/2026, Anexo B1 — parte permanente; Lei nº 16.198/2023";https://mid-transparencia.curitiba.pr.gov.br/funcionarios/ano_2026_tabelas_salariais_20260204.pdf
Curitiba;Auxiliar Administrativo Operacional;2026;40;I;Parte permanente — Nível I;XV;3209,58;"Portaria SMGP nº 4/2026, Anexo B1 — parte permanente; Lei nº 16.198/2023";https://mid-transparencia.curitiba.pr.gov.br/funcionarios/ano_2026_tabelas_salariais_20260204.pdf
Curitiba;Auxiliar Administrativo Operacional;2026;40;I;Parte permanente — Nível I;XVI;3299,45;"Portaria SMGP nº 4/2026, Anexo B1 — parte permanente; Lei nº 16.198/2023";https://mid-transparencia.curitiba.pr.gov.br/funcionarios/ano_2026_tabelas_salariais_20260204.pdf
Curitiba;Auxiliar Administrativo Operacional;2026;40;I;Parte permanente — Nível I;XVII;3391,83;"Portaria SMGP nº 4/2026, Anexo B1 — parte permanente; Lei nº 16.198/2023";https://mid-transparencia.curitiba.pr.gov.br/funcionarios/ano_2026_tabelas_salariais_20260204.pdf
Curitiba;Auxiliar Administrativo Operacional;2026;40;I;Parte permanente — Nível I;XVIII;3486,80;"Portaria SMGP nº 4/2026, Anexo B1 — parte permanente; Lei nº 16.198/2023";https://mid-transparencia.curitiba.pr.gov.br/funcionarios/ano_2026_tabelas_salariais_20260204.pdf
Curitiba;Auxiliar Administrativo Operacional;2026;40;I;Parte permanente — Nível I;XIX;3584,43;"Portaria SMGP nº 4/2026, Anexo B1 — parte permanente; Lei nº 16.198/2023";https://mid-transparencia.curitiba.pr.gov.br/funcionarios/ano_2026_tabelas_salariais_20260204.pdf
Curitiba;Auxiliar Administrativo Operacional;2026;40;I;Parte permanente — Nível I;XX;3684,80;"Portaria SMGP nº 4/2026, Anexo B1 — parte permanente; Lei nº 16.198/2023";https://mid-transparencia.curitiba.pr.gov.br/funcionarios/ano_2026_tabelas_salariais_20260204.pdf
Curitiba;Auxiliar Administrativo Operacional;2026;40;I;Parte permanente — Nível I;XXI;3787,97;"Portaria SMGP nº 4/2026, Anexo B1 — parte permanente; Lei nº 16.198/2023";https://mid-transparencia.curitiba.pr.gov.br/funcionarios/ano_2026_tabelas_salariais_20260204.pdf
Curitiba;Auxiliar Administrativo Operacional;2026;40;I;Parte permanente — Nível I;XXII;3894,03;"Portaria SMGP nº 4/2026, Anexo B1 — parte permanente; Lei nº 16.198/2023";https://mid-transparencia.curitiba.pr.gov.br/funcionarios/ano_2026_tabelas_salariais_20260204.pdf
Curitiba;Auxiliar Administrativo Operacional;2026;40;I;Parte permanente — Nível I;XXIII;4003,07;"Portaria SMGP nº 4/2026, Anexo B1 — parte permanente; Lei nº 16.198/2023";https://mid-transparencia.curitiba.pr.gov.br/funcionarios/ano_2026_tabelas_salariais_20260204.pdf
Curitiba;Auxiliar Administrativo Operacional;2026;40;I;Parte permanente — Nível I;XXIV;4115,15;"Portaria SMGP nº 4/2026, Anexo B1 — parte permanente; Lei nº 16.198/2023";https://mid-transparencia.curitiba.pr.gov.br/funcionarios/ano_2026_tabelas_salariais_20260204.pdf
Curitiba;Auxiliar Administrativo Operacional;2026;40;I;Parte permanente — Nível I;XXV;4230,38;"Portaria SMGP nº 4/2026, Anexo B1 — parte permanente; Lei nº 16.198/2023";https://mid-transparencia.curitiba.pr.gov.br/funcionarios/ano_2026_tabelas_salariais_20260204.pdf
Curitiba;Auxiliar Administrativo Operacional;2026;40;I;Parte permanente — Nível I;XXVI;4348,83;"Portaria SMGP nº 4/2026, Anexo B1 — parte permanente; Lei nº 16.198/2023";https://mid-transparencia.curitiba.pr.gov.br/funcionarios/ano_2026_tabelas_salariais_20260204.pdf
Curitiba;Auxiliar Administrativo Operacional;2026;40;I;Parte permanente — Nível I;XXVII;4470,59;"Portaria SMGP nº 4/2026, Anexo B1 — parte permanente; Lei nº 16.198/2023";https://mid-transparencia.curitiba.pr.gov.br/funcionarios/ano_2026_tabelas_salariais_20260204.pdf
Curitiba;Auxiliar Administrativo Operacional;2026;40;I;Parte permanente — Nível I;XXVIII;4595,77;"Portaria SMGP nº 4/2026, Anexo B1 — parte permanente; Lei nº 16.198/2023";https://mid-transparencia.curitiba.pr.gov.br/funcionarios/ano_2026_tabelas_salariais_20260204.pdf
Curitiba;Auxiliar Administrativo Operacional;2026;40;I;Parte permanente — Nível I;XXIX;4724,45;"Portaria SMGP nº 4/2026, Anexo B1 — parte permanente; Lei nº 16.198/2023";https://mid-transparencia.curitiba.pr.gov.br/funcionarios/ano_2026_tabelas_salariais_20260204.pdf
Curitiba;Auxiliar Administrativo Operacional;2026;40;I;Parte permanente — Nível I;XXX;4856,74;"Portaria SMGP nº 4/2026, Anexo B1 — parte permanente; Lei nº 16.198/2023";https://mid-transparencia.curitiba.pr.gov.br/funcionarios/ano_2026_tabelas_salariais_20260204.pdf
Curitiba;Auxiliar Administrativo Operacional;2026;40;I;Parte permanente — Nível I;XXXI;4992,73;"Portaria SMGP nº 4/2026, Anexo B1 — parte permanente; Lei nº 16.198/2023";https://mid-transparencia.curitiba.pr.gov.br/funcionarios/ano_2026_tabelas_salariais_20260204.pdf
Curitiba;Auxiliar Administrativo Operacional;2026;40;I;Parte permanente — Nível I;XXXII;5132,52;"Portaria SMGP nº 4/2026, Anexo B1 — parte permanente; Lei nº 16.198/2023";https://mid-transparencia.curitiba.pr.gov.br/funcionarios/ano_2026_tabelas_salariais_20260204.pdf
Curitiba;Auxiliar Administrativo Operacional;2026;40;I;Parte permanente — Nível I;XXXIII;5276,23;"Portaria SMGP nº 4/2026, Anexo B1 — parte permanente; Lei nº 16.198/2023";https://mid-transparencia.curitiba.pr.gov.br/funcionarios/ano_2026_tabelas_salariais_20260204.pdf
Curitiba;Auxiliar Administrativo Operacional;2026;40;I;Parte permanente — Nível I;XXXIV;5423,97;"Portaria SMGP nº 4/2026, Anexo B1 — parte permanente; Lei nº 16.198/2023";https://mid-transparencia.curitiba.pr.gov.br/funcionarios/ano_2026_tabelas_salariais_20260204.pdf
Curitiba;Auxiliar Administrativo Operacional;2026;40;I;Parte permanente — Nível I;XXXV;5575,84;"Portaria SMGP nº 4/2026, Anexo B1 — parte permanente; Lei nº 16.198/2023";https://mid-transparencia.curitiba.pr.gov.br/funcionarios/ano_2026_tabelas_salariais_20260204.pdf
Curitiba;Auxiliar Administrativo Operacional;2026;40;I;Parte permanente — Nível I;XXXVI;5731,96;"Portaria SMGP nº 4/2026, Anexo B1 — parte permanente; Lei nº 16.198/2023";https://mid-transparencia.curitiba.pr.gov.br/funcionarios/ano_2026_tabelas_salariais_20260204.pdf
Curitiba;Auxiliar Administrativo Operacional;2026;40;I;Parte permanente — Nível I;XXXVII;5892,46;"Portaria SMGP nº 4/2026, Anexo B1 — parte permanente; Lei nº 16.198/2023";https://mid-transparencia.curitiba.pr.gov.br/funcionarios/ano_2026_tabelas_salariais_20260204.pdf
Curitiba;Auxiliar Administrativo Operacional;2026;40;I;Parte permanente — Nível I;XXXVIII;6057,45;"Portaria SMGP nº 4/2026, Anexo B1 — parte permanente; Lei nº 16.198/2023";https://mid-transparencia.curitiba.pr.gov.br/funcionarios/ano_2026_tabelas_salariais_20260204.pdf
Curitiba;Auxiliar Administrativo Operacional;2026;40;I;Parte permanente — Nível I;XXXIX;6227,05;"Portaria SMGP nº 4/2026, Anexo B1 — parte permanente; Lei nº 16.198/2023";https://mid-transparencia.curitiba.pr.gov.br/funcionarios/ano_2026_tabelas_salariais_20260204.pdf
Curitiba;Auxiliar Administrativo Operacional;2026;40;I;Parte permanente — Nível I;XL;6401,41;"Portaria SMGP nº 4/2026, Anexo B1 — parte permanente; Lei nº 16.198/2023";https://mid-transparencia.curitiba.pr.gov.br/funcionarios/ano_2026_tabelas_salariais_20260204.pdf
Curitiba;Auxiliar Administrativo Operacional;2026;40;I;Parte permanente — Nível I;XLI;6580,65;"Portaria SMGP nº 4/2026, Anexo B1 — parte permanente; Lei nº 16.198/2023";https://mid-transparencia.curitiba.pr.gov.br/funcionarios/ano_2026_tabelas_salariais_20260204.pdf
Curitiba;Auxiliar Administrativo Operacional;2026;40;I;Parte permanente — Nível I;XLII;6764,91;"Portaria SMGP nº 4/2026, Anexo B1 — parte permanente; Lei nº 16.198/2023";https://mid-transparencia.curitiba.pr.gov.br/funcionarios/ano_2026_tabelas_salariais_20260204.pdf
Curitiba;Auxiliar Administrativo Operacional;2026;40;I;Parte permanente — Nível I;XLIII;6954,33;"Portaria SMGP nº 4/2026, Anexo B1 — parte permanente; Lei nº 16.198/2023";https://mid-transparencia.curitiba.pr.gov.br/funcionarios/ano_2026_tabelas_salariais_20260204.pdf
Curitiba;Auxiliar Administrativo Operacional;2026;40;I;Parte permanente — Nível I;XLIV;7149,05;"Portaria SMGP nº 4/2026, Anexo B1 — parte permanente; Lei nº 16.198/2023";https://mid-transparencia.curitiba.pr.gov.br/funcionarios/ano_2026_tabelas_salariais_20260204.pdf
Curitiba;Auxiliar Administrativo Operacional;2026;40;I;Parte permanente — Nível I;XLV;7349,22;"Portaria SMGP nº 4/2026, Anexo B1 — parte permanente; Lei nº 16.198/2023";https://mid-transparencia.curitiba.pr.gov.br/funcionarios/ano_2026_tabelas_salariais_20260204.pdf
Curitiba;Auxiliar Administrativo Operacional;2026;40;I;Parte permanente — Nível I;XLVI;7555,00;"Portaria SMGP nº 4/2026, Anexo B1 — parte permanente; Lei nº 16.198/2023";https://mid-transparencia.curitiba.pr.gov.br/funcionarios/ano_2026_tabelas_salariais_20260204.pdf
Curitiba;Auxiliar Administrativo Operacional;2026;40;II;Parte permanente — Nível II;I;2507,51;"Portaria SMGP nº 4/2026, Anexo B1 — parte permanente; Lei nº 16.198/2023";https://mid-transparencia.curitiba.pr.gov.br/funcionarios/ano_2026_tabelas_salariais_20260204.pdf
Curitiba;Auxiliar Administrativo Operacional;2026;40;II;Parte permanente — Nível II;II;2577,72;"Portaria SMGP nº 4/2026, Anexo B1 — parte permanente; Lei nº 16.198/2023";https://mid-transparencia.curitiba.pr.gov.br/funcionarios/ano_2026_tabelas_salariais_20260204.pdf
Curitiba;Auxiliar Administrativo Operacional;2026;40;II;Parte permanente — Nível II;III;2649,89;"Portaria SMGP nº 4/2026, Anexo B1 — parte permanente; Lei nº 16.198/2023";https://mid-transparencia.curitiba.pr.gov.br/funcionarios/ano_2026_tabelas_salariais_20260204.pdf
Curitiba;Auxiliar Administrativo Operacional;2026;40;II;Parte permanente — Nível II;IV;2724,09;"Portaria SMGP nº 4/2026, Anexo B1 — parte permanente; Lei nº 16.198/2023";https://mid-transparencia.curitiba.pr.gov.br/funcionarios/ano_2026_tabelas_salariais_20260204.pdf
Curitiba;Auxiliar Administrativo Operacional;2026;40;II;Parte permanente — Nível II;V;2800,36;"Portaria SMGP nº 4/2026, Anexo B1 — parte permanente; Lei nº 16.198/2023";https://mid-transparencia.curitiba.pr.gov.br/funcionarios/ano_2026_tabelas_salariais_20260204.pdf
Curitiba;Auxiliar Administrativo Operacional;2026;40;II;Parte permanente — Nível II;VI;2878,77;"Portaria SMGP nº 4/2026, Anexo B1 — parte permanente; Lei nº 16.198/2023";https://mid-transparencia.curitiba.pr.gov.br/funcionarios/ano_2026_tabelas_salariais_20260204.pdf
Curitiba;Auxiliar Administrativo Operacional;2026;40;II;Parte permanente — Nível II;VII;2959,38;"Portaria SMGP nº 4/2026, Anexo B1 — parte permanente; Lei nº 16.198/2023";https://mid-transparencia.curitiba.pr.gov.br/funcionarios/ano_2026_tabelas_salariais_20260204.pdf
Curitiba;Auxiliar Administrativo Operacional;2026;40;II;Parte permanente — Nível II;VIII;3042,24;"Portaria SMGP nº 4/2026, Anexo B1 — parte permanente; Lei nº 16.198/2023";https://mid-transparencia.curitiba.pr.gov.br/funcionarios/ano_2026_tabelas_salariais_20260204.pdf
Curitiba;Auxiliar Administrativo Operacional;2026;40;II;Parte permanente — Nível II;IX;3127,43;"Portaria SMGP nº 4/2026, Anexo B1 — parte permanente; Lei nº 16.198/2023";https://mid-transparencia.curitiba.pr.gov.br/funcionarios/ano_2026_tabelas_salariais_20260204.pdf
Curitiba;Auxiliar Administrativo Operacional;2026;40;II;Parte permanente — Nível II;X;3214,99;"Portaria SMGP nº 4/2026, Anexo B1 — parte permanente; Lei nº 16.198/2023";https://mid-transparencia.curitiba.pr.gov.br/funcionarios/ano_2026_tabelas_salariais_20260204.pdf
Curitiba;Auxiliar Administrativo Operacional;2026;40;II;Parte permanente — Nível II;XI;3305,01;"Portaria SMGP nº 4/2026, Anexo B1 — parte permanente; Lei nº 16.198/2023";https://mid-transparencia.curitiba.pr.gov.br/funcionarios/ano_2026_tabelas_salariais_20260204.pdf
Curitiba;Auxiliar Administrativo Operacional;2026;40;II;Parte permanente — Nível II;XII;3397,55;"Portaria SMGP nº 4/2026, Anexo B1 — parte permanente; Lei nº 16.198/2023";https://mid-transparencia.curitiba.pr.gov.br/funcionarios/ano_2026_tabelas_salariais_20260204.pdf
Curitiba;Auxiliar Administrativo Operacional;2026;40;II;Parte permanente — Nível II;XIII;3492,69;"Portaria SMGP nº 4/2026, Anexo B1 — parte permanente; Lei nº 16.198/2023";https://mid-transparencia.curitiba.pr.gov.br/funcionarios/ano_2026_tabelas_salariais_20260204.pdf
Curitiba;Auxiliar Administrativo Operacional;2026;40;II;Parte permanente — Nível II;XIV;3590,48;"Portaria SMGP nº 4/2026, Anexo B1 — parte permanente; Lei nº 16.198/2023";https://mid-transparencia.curitiba.pr.gov.br/funcionarios/ano_2026_tabelas_salariais_20260204.pdf
Curitiba;Auxiliar Administrativo Operacional;2026;40;II;Parte permanente — Nível II;XV;3691,01;"Portaria SMGP nº 4/2026, Anexo B1 — parte permanente; Lei nº 16.198/2023";https://mid-transparencia.curitiba.pr.gov.br/funcionarios/ano_2026_tabelas_salariais_20260204.pdf
Curitiba;Auxiliar Administrativo Operacional;2026;40;II;Parte permanente — Nível II;XVI;3794,36;"Portaria SMGP nº 4/2026, Anexo B1 — parte permanente; Lei nº 16.198/2023";https://mid-transparencia.curitiba.pr.gov.br/funcionarios/ano_2026_tabelas_salariais_20260204.pdf
Curitiba;Auxiliar Administrativo Operacional;2026;40;II;Parte permanente — Nível II;XVII;3900,60;"Portaria SMGP nº 4/2026, Anexo B1 — parte permanente; Lei nº 16.198/2023";https://mid-transparencia.curitiba.pr.gov.br/funcionarios/ano_2026_tabelas_salariais_20260204.pdf
Curitiba;Auxiliar Administrativo Operacional;2026;40;II;Parte permanente — Nível II;XVIII;4009,82;"Portaria SMGP nº 4/2026, Anexo B1 — parte permanente; Lei nº 16.198/2023";https://mid-transparencia.curitiba.pr.gov.br/funcionarios/ano_2026_tabelas_salariais_20260204.pdf
Curitiba;Auxiliar Administrativo Operacional;2026;40;II;Parte permanente — Nível II;XIX;4122,10;"Portaria SMGP nº 4/2026, Anexo B1 — parte permanente; Lei nº 16.198/2023";https://mid-transparencia.curitiba.pr.gov.br/funcionarios/ano_2026_tabelas_salariais_20260204.pdf
Curitiba;Auxiliar Administrativo Operacional;2026;40;II;Parte permanente — Nível II;XX;4237,52;"Portaria SMGP nº 4/2026, Anexo B1 — parte permanente; Lei nº 16.198/2023";https://mid-transparencia.curitiba.pr.gov.br/funcionarios/ano_2026_tabelas_salariais_20260204.pdf
Curitiba;Auxiliar Administrativo Operacional;2026;40;II;Parte permanente — Nível II;XXI;4356,17;"Portaria SMGP nº 4/2026, Anexo B1 — parte permanente; Lei nº 16.198/2023";https://mid-transparencia.curitiba.pr.gov.br/funcionarios/ano_2026_tabelas_salariais_20260204.pdf
Curitiba;Auxiliar Administrativo Operacional;2026;40;II;Parte permanente — Nível II;XXII;4478,14;"Portaria SMGP nº 4/2026, Anexo B1 — parte permanente; Lei nº 16.198/2023";https://mid-transparencia.curitiba.pr.gov.br/funcionarios/ano_2026_tabelas_salariais_20260204.pdf
Curitiba;Auxiliar Administrativo Operacional;2026;40;II;Parte permanente — Nível II;XXIII;4603,53;"Portaria SMGP nº 4/2026, Anexo B1 — parte permanente; Lei nº 16.198/2023";https://mid-transparencia.curitiba.pr.gov.br/funcionarios/ano_2026_tabelas_salariais_20260204.pdf
Curitiba;Auxiliar Administrativo Operacional;2026;40;II;Parte permanente — Nível II;XXIV;4732,43;"Portaria SMGP nº 4/2026, Anexo B1 — parte permanente; Lei nº 16.198/2023";https://mid-transparencia.curitiba.pr.gov.br/funcionarios/ano_2026_tabelas_salariais_20260204.pdf
Curitiba;Auxiliar Administrativo Operacional;2026;40;II;Parte permanente — Nível II;XXV;4864,93;"Portaria SMGP nº 4/2026, Anexo B1 — parte permanente; Lei nº 16.198/2023";https://mid-transparencia.curitiba.pr.gov.br/funcionarios/ano_2026_tabelas_salariais_20260204.pdf
Curitiba;Auxiliar Administrativo Operacional;2026;40;II;Parte permanente — Nível II;XXVI;5001,15;"Portaria SMGP nº 4/2026, Anexo B1 — parte permanente; Lei nº 16.198/2023";https://mid-transparencia.curitiba.pr.gov.br/funcionarios/ano_2026_tabelas_salariais_20260204.pdf
Curitiba;Auxiliar Administrativo Operacional;2026;40;II;Parte permanente — Nível II;XXVII;5141,18;"Portaria SMGP nº 4/2026, Anexo B1 — parte permanente; Lei nº 16.198/2023";https://mid-transparencia.curitiba.pr.gov.br/funcionarios/ano_2026_tabelas_salariais_20260204.pdf
Curitiba;Auxiliar Administrativo Operacional;2026;40;II;Parte permanente — Nível II;XXVIII;5285,14;"Portaria SMGP nº 4/2026, Anexo B1 — parte permanente; Lei nº 16.198/2023";https://mid-transparencia.curitiba.pr.gov.br/funcionarios/ano_2026_tabelas_salariais_20260204.pdf
Curitiba;Auxiliar Administrativo Operacional;2026;40;II;Parte permanente — Nível II;XXIX;5433,12;"Portaria SMGP nº 4/2026, Anexo B1 — parte permanente; Lei nº 16.198/2023";https://mid-transparencia.curitiba.pr.gov.br/funcionarios/ano_2026_tabelas_salariais_20260204.pdf
Curitiba;Auxiliar Administrativo Operacional;2026;40;II;Parte permanente — Nível II;XXX;5585,25;"Portaria SMGP nº 4/2026, Anexo B1 — parte permanente; Lei nº 16.198/2023";https://mid-transparencia.curitiba.pr.gov.br/funcionarios/ano_2026_tabelas_salariais_20260204.pdf
Curitiba;Auxiliar Administrativo Operacional;2026;40;II;Parte permanente — Nível II;XXXI;5741,63;"Portaria SMGP nº 4/2026, Anexo B1 — parte permanente; Lei nº 16.198/2023";https://mid-transparencia.curitiba.pr.gov.br/funcionarios/ano_2026_tabelas_salariais_20260204.pdf
Curitiba;Auxiliar Administrativo Operacional;2026;40;II;Parte permanente — Nível II;XXXII;5902,40;"Portaria SMGP nº 4/2026, Anexo B1 — parte permanente; Lei nº 16.198/2023";https://mid-transparencia.curitiba.pr.gov.br/funcionarios/ano_2026_tabelas_salariais_20260204.pdf
Curitiba;Auxiliar Administrativo Operacional;2026;40;II;Parte permanente — Nível II;XXXIII;6067,67;"Portaria SMGP nº 4/2026, Anexo B1 — parte permanente; Lei nº 16.198/2023";https://mid-transparencia.curitiba.pr.gov.br/funcionarios/ano_2026_tabelas_salariais_20260204.pdf
Curitiba;Auxiliar Administrativo Operacional;2026;40;II;Parte permanente — Nível II;XXXIV;6237,56;"Portaria SMGP nº 4/2026, Anexo B1 — parte permanente; Lei nº 16.198/2023";https://mid-transparencia.curitiba.pr.gov.br/funcionarios/ano_2026_tabelas_salariais_20260204.pdf
Curitiba;Auxiliar Administrativo Operacional;2026;40;II;Parte permanente — Nível II;XXXV;6412,21;"Portaria SMGP nº 4/2026, Anexo B1 — parte permanente; Lei nº 16.198/2023";https://mid-transparencia.curitiba.pr.gov.br/funcionarios/ano_2026_tabelas_salariais_20260204.pdf
Curitiba;Auxiliar Administrativo Operacional;2026;40;II;Parte permanente — Nível II;XXXVI;6591,76;"Portaria SMGP nº 4/2026, Anexo B1 — parte permanente; Lei nº 16.198/2023";https://mid-transparencia.curitiba.pr.gov.br/funcionarios/ano_2026_tabelas_salariais_20260204.pdf
Curitiba;Auxiliar Administrativo Operacional;2026;40;II;Parte permanente — Nível II;XXXVII;6776,32;"Portaria SMGP nº 4/2026, Anexo B1 — parte permanente; Lei nº 16.198/2023";https://mid-transparencia.curitiba.pr.gov.br/funcionarios/ano_2026_tabelas_salariais_20260204.pdf
Curitiba;Auxiliar Administrativo Operacional;2026;40;II;Parte permanente — Nível II;XXXVIII;6966,06;"Portaria SMGP nº 4/2026, Anexo B1 — parte permanente; Lei nº 16.198/2023";https://mid-transparencia.curitiba.pr.gov.br/funcionarios/ano_2026_tabelas_salariais_20260204.pdf
Curitiba;Auxiliar Administrativo Operacional;2026;40;II;Parte permanente — Nível II;XXXIX;7161,11;"Portaria SMGP nº 4/2026, Anexo B1 — parte permanente; Lei nº 16.198/2023";https://mid-transparencia.curitiba.pr.gov.br/funcionarios/ano_2026_tabelas_salariais_20260204.pdf
Curitiba;Auxiliar Administrativo Operacional;2026;40;II;Parte permanente — Nível II;XL;7361,62;"Portaria SMGP nº 4/2026, Anexo B1 — parte permanente; Lei nº 16.198/2023";https://mid-transparencia.curitiba.pr.gov.br/funcionarios/ano_2026_tabelas_salariais_20260204.pdf
Curitiba;Auxiliar Administrativo Operacional;2026;40;II;Parte permanente — Nível II;XLI;7567,75;"Portaria SMGP nº 4/2026, Anexo B1 — parte permanente; Lei nº 16.198/2023";https://mid-transparencia.curitiba.pr.gov.br/funcionarios/ano_2026_tabelas_salariais_20260204.pdf
Curitiba;Auxiliar Administrativo Operacional;2026;40;II;Parte permanente — Nível II;XLII;7779,65;"Portaria SMGP nº 4/2026, Anexo B1 — parte permanente; Lei nº 16.198/2023";https://mid-transparencia.curitiba.pr.gov.br/funcionarios/ano_2026_tabelas_salariais_20260204.pdf
Curitiba;Auxiliar Administrativo Operacional;2026;40;II;Parte permanente — Nível II;XLIII;7997,48;"Portaria SMGP nº 4/2026, Anexo B1 — parte permanente; Lei nº 16.198/2023";https://mid-transparencia.curitiba.pr.gov.br/funcionarios/ano_2026_tabelas_salariais_20260204.pdf
Curitiba;Auxiliar Administrativo Operacional;2026;40;II;Parte permanente — Nível II;XLIV;8221,40;"Portaria SMGP nº 4/2026, Anexo B1 — parte permanente; Lei nº 16.198/2023";https://mid-transparencia.curitiba.pr.gov.br/funcionarios/ano_2026_tabelas_salariais_20260204.pdf
Curitiba;Auxiliar Administrativo Operacional;2026;40;II;Parte permanente — Nível II;XLV;8451,60;"Portaria SMGP nº 4/2026, Anexo B1 — parte permanente; Lei nº 16.198/2023";https://mid-transparencia.curitiba.pr.gov.br/funcionarios/ano_2026_tabelas_salariais_20260204.pdf
Curitiba;Auxiliar Administrativo Operacional;2026;40;II;Parte permanente — Nível II;XLVI;8688,25;"Portaria SMGP nº 4/2026, Anexo B1 — parte permanente; Lei nº 16.198/2023";https://mid-transparencia.curitiba.pr.gov.br/funcionarios/ano_2026_tabelas_salariais_20260204.pdf
Curitiba;Auxiliar Administrativo Operacional;2026;40;III;Parte permanente — Nível III;I;2883,63;"Portaria SMGP nº 4/2026, Anexo B1 — parte permanente; Lei nº 16.198/2023";https://mid-transparencia.curitiba.pr.gov.br/funcionarios/ano_2026_tabelas_salariais_20260204.pdf
Curitiba;Auxiliar Administrativo Operacional;2026;40;III;Parte permanente — Nível III;II;2964,37;"Portaria SMGP nº 4/2026, Anexo B1 — parte permanente; Lei nº 16.198/2023";https://mid-transparencia.curitiba.pr.gov.br/funcionarios/ano_2026_tabelas_salariais_20260204.pdf
Curitiba;Auxiliar Administrativo Operacional;2026;40;III;Parte permanente — Nível III;III;3047,38;"Portaria SMGP nº 4/2026, Anexo B1 — parte permanente; Lei nº 16.198/2023";https://mid-transparencia.curitiba.pr.gov.br/funcionarios/ano_2026_tabelas_salariais_20260204.pdf
Curitiba;Auxiliar Administrativo Operacional;2026;40;III;Parte permanente — Nível III;IV;3132,70;"Portaria SMGP nº 4/2026, Anexo B1 — parte permanente; Lei nº 16.198/2023";https://mid-transparencia.curitiba.pr.gov.br/funcionarios/ano_2026_tabelas_salariais_20260204.pdf
Curitiba;Auxiliar Administrativo Operacional;2026;40;III;Parte permanente — Nível III;V;3220,42;"Portaria SMGP nº 4/2026, Anexo B1 — parte permanente; Lei nº 16.198/2023";https://mid-transparencia.curitiba.pr.gov.br/funcionarios/ano_2026_tabelas_salariais_20260204.pdf
Curitiba;Auxiliar Administrativo Operacional;2026;40;III;Parte permanente — Nível III;VI;3310,59;"Portaria SMGP nº 4/2026, Anexo B1 — parte permanente; Lei nº 16.198/2023";https://mid-transparencia.curitiba.pr.gov.br/funcionarios/ano_2026_tabelas_salariais_20260204.pdf
Curitiba;Auxiliar Administrativo Operacional;2026;40;III;Parte permanente — Nível III;VII;3403,29;"Portaria SMGP nº 4/2026, Anexo B1 — parte permanente; Lei nº 16.198/2023";https://mid-transparencia.curitiba.pr.gov.br/funcionarios/ano_2026_tabelas_salariais_20260204.pdf
Curitiba;Auxiliar Administrativo Operacional;2026;40;III;Parte permanente — Nível III;VIII;3498,58;"Portaria SMGP nº 4/2026, Anexo B1 — parte permanente; Lei nº 16.198/2023";https://mid-transparencia.curitiba.pr.gov.br/funcionarios/ano_2026_tabelas_salariais_20260204.pdf
Curitiba;Auxiliar Administrativo Operacional;2026;40;III;Parte permanente — Nível III;IX;3596,54;"Portaria SMGP nº 4/2026, Anexo B1 — parte permanente; Lei nº 16.198/2023";https://mid-transparencia.curitiba.pr.gov.br/funcionarios/ano_2026_tabelas_salariais_20260204.pdf
Curitiba;Auxiliar Administrativo Operacional;2026;40;III;Parte permanente — Nível III;X;3697,24;"Portaria SMGP nº 4/2026, Anexo B1 — parte permanente; Lei nº 16.198/2023";https://mid-transparencia.curitiba.pr.gov.br/funcionarios/ano_2026_tabelas_salariais_20260204.pdf
Curitiba;Auxiliar Administrativo Operacional;2026;40;III;Parte permanente — Nível III;XI;3800,77;"Portaria SMGP nº 4/2026, Anexo B1 — parte permanente; Lei nº 16.198/2023";https://mid-transparencia.curitiba.pr.gov.br/funcionarios/ano_2026_tabelas_salariais_20260204.pdf
Curitiba;Auxiliar Administrativo Operacional;2026;40;III;Parte permanente — Nível III;XII;3907,19;"Portaria SMGP nº 4/2026, Anexo B1 — parte permanente; Lei nº 16.198/2023";https://mid-transparencia.curitiba.pr.gov.br/funcionarios/ano_2026_tabelas_salariais_20260204.pdf
Curitiba;Auxiliar Administrativo Operacional;2026;40;III;Parte permanente — Nível III;XIII;4016,59;"Portaria SMGP nº 4/2026, Anexo B1 — parte permanente; Lei nº 16.198/2023";https://mid-transparencia.curitiba.pr.gov.br/funcionarios/ano_2026_tabelas_salariais_20260204.pdf
Curitiba;Auxiliar Administrativo Operacional;2026;40;III;Parte permanente — Nível III;XIV;4129,05;"Portaria SMGP nº 4/2026, Anexo B1 — parte permanente; Lei nº 16.198/2023";https://mid-transparencia.curitiba.pr.gov.br/funcionarios/ano_2026_tabelas_salariais_20260204.pdf
Curitiba;Auxiliar Administrativo Operacional;2026;40;III;Parte permanente — Nível III;XV;4244,67;"Portaria SMGP nº 4/2026, Anexo B1 — parte permanente; Lei nº 16.198/2023";https://mid-transparencia.curitiba.pr.gov.br/funcionarios/ano_2026_tabelas_salariais_20260204.pdf
Curitiba;Auxiliar Administrativo Operacional;2026;40;III;Parte permanente — Nível III;XVI;4363,52;"Portaria SMGP nº 4/2026, Anexo B1 — parte permanente; Lei nº 16.198/2023";https://mid-transparencia.curitiba.pr.gov.br/funcionarios/ano_2026_tabelas_salariais_20260204.pdf
Curitiba;Auxiliar Administrativo Operacional;2026;40;III;Parte permanente — Nível III;XVII;4485,70;"Portaria SMGP nº 4/2026, Anexo B1 — parte permanente; Lei nº 16.198/2023";https://mid-transparencia.curitiba.pr.gov.br/funcionarios/ano_2026_tabelas_salariais_20260204.pdf
Curitiba;Auxiliar Administrativo Operacional;2026;40;III;Parte permanente — Nível III;XVIII;4611,30;"Portaria SMGP nº 4/2026, Anexo B1 — parte permanente; Lei nº 16.198/2023";https://mid-transparencia.curitiba.pr.gov.br/funcionarios/ano_2026_tabelas_salariais_20260204.pdf
Curitiba;Auxiliar Administrativo Operacional;2026;40;III;Parte permanente — Nível III;XIX;4740,41;"Portaria SMGP nº 4/2026, Anexo B1 — parte permanente; Lei nº 16.198/2023";https://mid-transparencia.curitiba.pr.gov.br/funcionarios/ano_2026_tabelas_salariais_20260204.pdf
Curitiba;Auxiliar Administrativo Operacional;2026;40;III;Parte permanente — Nível III;XX;4873,14;"Portaria SMGP nº 4/2026, Anexo B1 — parte permanente; Lei nº 16.198/2023";https://mid-transparencia.curitiba.pr.gov.br/funcionarios/ano_2026_tabelas_salariais_20260204.pdf
Curitiba;Auxiliar Administrativo Operacional;2026;40;III;Parte permanente — Nível III;XXI;5009,59;"Portaria SMGP nº 4/2026, Anexo B1 — parte permanente; Lei nº 16.198/2023";https://mid-transparencia.curitiba.pr.gov.br/funcionarios/ano_2026_tabelas_salariais_20260204.pdf
Curitiba;Auxiliar Administrativo Operacional;2026;40;III;Parte permanente — Nível III;XXII;5149,86;"Portaria SMGP nº 4/2026, Anexo B1 — parte permanente; Lei nº 16.198/2023";https://mid-transparencia.curitiba.pr.gov.br/funcionarios/ano_2026_tabelas_salariais_20260204.pdf
Curitiba;Auxiliar Administrativo Operacional;2026;40;III;Parte permanente — Nível III;XXIII;5294,06;"Portaria SMGP nº 4/2026, Anexo B1 — parte permanente; Lei nº 16.198/2023";https://mid-transparencia.curitiba.pr.gov.br/funcionarios/ano_2026_tabelas_salariais_20260204.pdf
Curitiba;Auxiliar Administrativo Operacional;2026;40;III;Parte permanente — Nível III;XXIV;5442,29;"Portaria SMGP nº 4/2026, Anexo B1 — parte permanente; Lei nº 16.198/2023";https://mid-transparencia.curitiba.pr.gov.br/funcionarios/ano_2026_tabelas_salariais_20260204.pdf
Curitiba;Auxiliar Administrativo Operacional;2026;40;III;Parte permanente — Nível III;XXV;5594,67;"Portaria SMGP nº 4/2026, Anexo B1 — parte permanente; Lei nº 16.198/2023";https://mid-transparencia.curitiba.pr.gov.br/funcionarios/ano_2026_tabelas_salariais_20260204.pdf
Curitiba;Auxiliar Administrativo Operacional;2026;40;III;Parte permanente — Nível III;XXVI;5751,32;"Portaria SMGP nº 4/2026, Anexo B1 — parte permanente; Lei nº 16.198/2023";https://mid-transparencia.curitiba.pr.gov.br/funcionarios/ano_2026_tabelas_salariais_20260204.pdf
Curitiba;Auxiliar Administrativo Operacional;2026;40;III;Parte permanente — Nível III;XXVII;5912,36;"Portaria SMGP nº 4/2026, Anexo B1 — parte permanente; Lei nº 16.198/2023";https://mid-transparencia.curitiba.pr.gov.br/funcionarios/ano_2026_tabelas_salariais_20260204.pdf
Curitiba;Auxiliar Administrativo Operacional;2026;40;III;Parte permanente — Nível III;XXVIII;6077,91;"Portaria SMGP nº 4/2026, Anexo B1 — parte permanente; Lei nº 16.198/2023";https://mid-transparencia.curitiba.pr.gov.br/funcionarios/ano_2026_tabelas_salariais_20260204.pdf
Curitiba;Auxiliar Administrativo Operacional;2026;40;III;Parte permanente — Nível III;XXIX;6248,09;"Portaria SMGP nº 4/2026, Anexo B1 — parte permanente; Lei nº 16.198/2023";https://mid-transparencia.curitiba.pr.gov.br/funcionarios/ano_2026_tabelas_salariais_20260204.pdf
Curitiba;Auxiliar Administrativo Operacional;2026;40;III;Parte permanente — Nível III;XXX;6423,04;"Portaria SMGP nº 4/2026, Anexo B1 — parte permanente; Lei nº 16.198/2023";https://mid-transparencia.curitiba.pr.gov.br/funcionarios/ano_2026_tabelas_salariais_20260204.pdf
Curitiba;Auxiliar Administrativo Operacional;2026;40;III;Parte permanente — Nível III;XXXI;6602,88;"Portaria SMGP nº 4/2026, Anexo B1 — parte permanente; Lei nº 16.198/2023";https://mid-transparencia.curitiba.pr.gov.br/funcionarios/ano_2026_tabelas_salariais_20260204.pdf
Curitiba;Auxiliar Administrativo Operacional;2026;40;III;Parte permanente — Nível III;XXXII;6787,76;"Portaria SMGP nº 4/2026, Anexo B1 — parte permanente; Lei nº 16.198/2023";https://mid-transparencia.curitiba.pr.gov.br/funcionarios/ano_2026_tabelas_salariais_20260204.pdf
Curitiba;Auxiliar Administrativo Operacional;2026;40;III;Parte permanente — Nível III;XXXIII;6977,82;"Portaria SMGP nº 4/2026, Anexo B1 — parte permanente; Lei nº 16.198/2023";https://mid-transparencia.curitiba.pr.gov.br/funcionarios/ano_2026_tabelas_salariais_20260204.pdf
Curitiba;Auxiliar Administrativo Operacional;2026;40;III;Parte permanente — Nível III;XXXIV;7173,20;"Portaria SMGP nº 4/2026, Anexo B1 — parte permanente; Lei nº 16.198/2023";https://mid-transparencia.curitiba.pr.gov.br/funcionarios/ano_2026_tabelas_salariais_20260204.pdf
Curitiba;Auxiliar Administrativo Operacional;2026;40;III;Parte permanente — Nível III;XXXV;7374,05;"Portaria SMGP nº 4/2026, Anexo B1 — parte permanente; Lei nº 16.198/2023";https://mid-transparencia.curitiba.pr.gov.br/funcionarios/ano_2026_tabelas_salariais_20260204.pdf
Curitiba;Auxiliar Administrativo Operacional;2026;40;III;Parte permanente — Nível III;XXXVI;7580,52;"Portaria SMGP nº 4/2026, Anexo B1 — parte permanente; Lei nº 16.198/2023";https://mid-transparencia.curitiba.pr.gov.br/funcionarios/ano_2026_tabelas_salariais_20260204.pdf
Curitiba;Auxiliar Administrativo Operacional;2026;40;III;Parte permanente — Nível III;XXXVII;7792,77;"Portaria SMGP nº 4/2026, Anexo B1 — parte permanente; Lei nº 16.198/2023";https://mid-transparencia.curitiba.pr.gov.br/funcionarios/ano_2026_tabelas_salariais_20260204.pdf
Curitiba;Auxiliar Administrativo Operacional;2026;40;III;Parte permanente — Nível III;XXXVIII;8010,97;"Portaria SMGP nº 4/2026, Anexo B1 — parte permanente; Lei nº 16.198/2023";https://mid-transparencia.curitiba.pr.gov.br/funcionarios/ano_2026_tabelas_salariais_20260204.pdf
Curitiba;Auxiliar Administrativo Operacional;2026;40;III;Parte permanente — Nível III;XXXIX;8235,28;"Portaria SMGP nº 4/2026, Anexo B1 — parte permanente; Lei nº 16.198/2023";https://mid-transparencia.curitiba.pr.gov.br/funcionarios/ano_2026_tabelas_salariais_20260204.pdf
Curitiba;Auxiliar Administrativo Operacional;2026;40;III;Parte permanente — Nível III;XL;8465,87;"Portaria SMGP nº 4/2026, Anexo B1 — parte permanente; Lei nº 16.198/2023";https://mid-transparencia.curitiba.pr.gov.br/funcionarios/ano_2026_tabelas_salariais_20260204.pdf
Curitiba;Auxiliar Administrativo Operacional;2026;40;III;Parte permanente — Nível III;XLI;8702,91;"Portaria SMGP nº 4/2026, Anexo B1 — parte permanente; Lei nº 16.198/2023";https://mid-transparencia.curitiba.pr.gov.br/funcionarios/ano_2026_tabelas_salariais_20260204.pdf
Curitiba;Auxiliar Administrativo Operacional;2026;40;III;Parte permanente — Nível III;XLII;8946,59;"Portaria SMGP nº 4/2026, Anexo B1 — parte permanente; Lei nº 16.198/2023";https://mid-transparencia.curitiba.pr.gov.br/funcionarios/ano_2026_tabelas_salariais_20260204.pdf
Curitiba;Auxiliar Administrativo Operacional;2026;40;III;Parte permanente — Nível III;XLIII;9197,10;"Portaria SMGP nº 4/2026, Anexo B1 — parte permanente; Lei nº 16.198/2023";https://mid-transparencia.curitiba.pr.gov.br/funcionarios/ano_2026_tabelas_salariais_20260204.pdf
Curitiba;Auxiliar Administrativo Operacional;2026;40;III;Parte permanente — Nível III;XLIV;9454,62;"Portaria SMGP nº 4/2026, Anexo B1 — parte permanente; Lei nº 16.198/2023";https://mid-transparencia.curitiba.pr.gov.br/funcionarios/ano_2026_tabelas_salariais_20260204.pdf
Curitiba;Auxiliar Administrativo Operacional;2026;40;III;Parte permanente — Nível III;XLV;9719,35;"Portaria SMGP nº 4/2026, Anexo B1 — parte permanente; Lei nº 16.198/2023";https://mid-transparencia.curitiba.pr.gov.br/funcionarios/ano_2026_tabelas_salariais_20260204.pdf
Curitiba;Auxiliar Administrativo Operacional;2026;40;III;Parte permanente — Nível III;XLVI;9991,49;"Portaria SMGP nº 4/2026, Anexo B1 — parte permanente; Lei nº 16.198/2023";https://mid-transparencia.curitiba.pr.gov.br/funcionarios/ano_2026_tabelas_salariais_20260204.pdf
Curitiba;Auxiliar Administrativo Operacional;2026;40;IV;Parte permanente — Nível IV;I;3316,18;"Portaria SMGP nº 4/2026, Anexo B1 — parte permanente; Lei nº 16.198/2023";https://mid-transparencia.curitiba.pr.gov.br/funcionarios/ano_2026_tabelas_salariais_20260204.pdf
Curitiba;Auxiliar Administrativo Operacional;2026;40;IV;Parte permanente — Nível IV;II;3409,03;"Portaria SMGP nº 4/2026, Anexo B1 — parte permanente; Lei nº 16.198/2023";https://mid-transparencia.curitiba.pr.gov.br/funcionarios/ano_2026_tabelas_salariais_20260204.pdf
Curitiba;Auxiliar Administrativo Operacional;2026;40;IV;Parte permanente — Nível IV;III;3504,48;"Portaria SMGP nº 4/2026, Anexo B1 — parte permanente; Lei nº 16.198/2023";https://mid-transparencia.curitiba.pr.gov.br/funcionarios/ano_2026_tabelas_salariais_20260204.pdf
Curitiba;Auxiliar Administrativo Operacional;2026;40;IV;Parte permanente — Nível IV;IV;3602,61;"Portaria SMGP nº 4/2026, Anexo B1 — parte permanente; Lei nº 16.198/2023";https://mid-transparencia.curitiba.pr.gov.br/funcionarios/ano_2026_tabelas_salariais_20260204.pdf
Curitiba;Auxiliar Administrativo Operacional;2026;40;IV;Parte permanente — Nível IV;V;3703,48;"Portaria SMGP nº 4/2026, Anexo B1 — parte permanente; Lei nº 16.198/2023";https://mid-transparencia.curitiba.pr.gov.br/funcionarios/ano_2026_tabelas_salariais_20260204.pdf
Curitiba;Auxiliar Administrativo Operacional;2026;40;IV;Parte permanente — Nível IV;VI;3807,18;"Portaria SMGP nº 4/2026, Anexo B1 — parte permanente; Lei nº 16.198/2023";https://mid-transparencia.curitiba.pr.gov.br/funcionarios/ano_2026_tabelas_salariais_20260204.pdf
Curitiba;Auxiliar Administrativo Operacional;2026;40;IV;Parte permanente — Nível IV;VII;3913,78;"Portaria SMGP nº 4/2026, Anexo B1 — parte permanente; Lei nº 16.198/2023";https://mid-transparencia.curitiba.pr.gov.br/funcionarios/ano_2026_tabelas_salariais_20260204.pdf
Curitiba;Auxiliar Administrativo Operacional;2026;40;IV;Parte permanente — Nível IV;VIII;4023,37;"Portaria SMGP nº 4/2026, Anexo B1 — parte permanente; Lei nº 16.198/2023";https://mid-transparencia.curitiba.pr.gov.br/funcionarios/ano_2026_tabelas_salariais_20260204.pdf
Curitiba;Auxiliar Administrativo Operacional;2026;40;IV;Parte permanente — Nível IV;IX;4136,02;"Portaria SMGP nº 4/2026, Anexo B1 — parte permanente; Lei nº 16.198/2023";https://mid-transparencia.curitiba.pr.gov.br/funcionarios/ano_2026_tabelas_salariais_20260204.pdf
Curitiba;Auxiliar Administrativo Operacional;2026;40;IV;Parte permanente — Nível IV;X;4251,83;"Portaria SMGP nº 4/2026, Anexo B1 — parte permanente; Lei nº 16.198/2023";https://mid-transparencia.curitiba.pr.gov.br/funcionarios/ano_2026_tabelas_salariais_20260204.pdf
Curitiba;Auxiliar Administrativo Operacional;2026;40;IV;Parte permanente — Nível IV;XI;4370,88;"Portaria SMGP nº 4/2026, Anexo B1 — parte permanente; Lei nº 16.198/2023";https://mid-transparencia.curitiba.pr.gov.br/funcionarios/ano_2026_tabelas_salariais_20260204.pdf
Curitiba;Auxiliar Administrativo Operacional;2026;40;IV;Parte permanente — Nível IV;XII;4493,27;"Portaria SMGP nº 4/2026, Anexo B1 — parte permanente; Lei nº 16.198/2023";https://mid-transparencia.curitiba.pr.gov.br/funcionarios/ano_2026_tabelas_salariais_20260204.pdf
Curitiba;Auxiliar Administrativo Operacional;2026;40;IV;Parte permanente — Nível IV;XIII;4619,08;"Portaria SMGP nº 4/2026, Anexo B1 — parte permanente; Lei nº 16.198/2023";https://mid-transparencia.curitiba.pr.gov.br/funcionarios/ano_2026_tabelas_salariais_20260204.pdf
Curitiba;Auxiliar Administrativo Operacional;2026;40;IV;Parte permanente — Nível IV;XIV;4748,41;"Portaria SMGP nº 4/2026, Anexo B1 — parte permanente; Lei nº 16.198/2023";https://mid-transparencia.curitiba.pr.gov.br/funcionarios/ano_2026_tabelas_salariais_20260204.pdf
Curitiba;Auxiliar Administrativo Operacional;2026;40;IV;Parte permanente — Nível IV;XV;4881,37;"Portaria SMGP nº 4/2026, Anexo B1 — parte permanente; Lei nº 16.198/2023";https://mid-transparencia.curitiba.pr.gov.br/funcionarios/ano_2026_tabelas_salariais_20260204.pdf
Curitiba;Auxiliar Administrativo Operacional;2026;40;IV;Parte permanente — Nível IV;XVI;5018,04;"Portaria SMGP nº 4/2026, Anexo B1 — parte permanente; Lei nº 16.198/2023";https://mid-transparencia.curitiba.pr.gov.br/funcionarios/ano_2026_tabelas_salariais_20260204.pdf
Curitiba;Auxiliar Administrativo Operacional;2026;40;IV;Parte permanente — Nível IV;XVII;5158,55;"Portaria SMGP nº 4/2026, Anexo B1 — parte permanente; Lei nº 16.198/2023";https://mid-transparencia.curitiba.pr.gov.br/funcionarios/ano_2026_tabelas_salariais_20260204.pdf
Curitiba;Auxiliar Administrativo Operacional;2026;40;IV;Parte permanente — Nível IV;XVIII;5302,99;"Portaria SMGP nº 4/2026, Anexo B1 — parte permanente; Lei nº 16.198/2023";https://mid-transparencia.curitiba.pr.gov.br/funcionarios/ano_2026_tabelas_salariais_20260204.pdf
Curitiba;Auxiliar Administrativo Operacional;2026;40;IV;Parte permanente — Nível IV;XIX;5451,47;"Portaria SMGP nº 4/2026, Anexo B1 — parte permanente; Lei nº 16.198/2023";https://mid-transparencia.curitiba.pr.gov.br/funcionarios/ano_2026_tabelas_salariais_20260204.pdf
Curitiba;Auxiliar Administrativo Operacional;2026;40;IV;Parte permanente — Nível IV;XX;5604,11;"Portaria SMGP nº 4/2026, Anexo B1 — parte permanente; Lei nº 16.198/2023";https://mid-transparencia.curitiba.pr.gov.br/funcionarios/ano_2026_tabelas_salariais_20260204.pdf
Curitiba;Auxiliar Administrativo Operacional;2026;40;IV;Parte permanente — Nível IV;XXI;5761,03;"Portaria SMGP nº 4/2026, Anexo B1 — parte permanente; Lei nº 16.198/2023";https://mid-transparencia.curitiba.pr.gov.br/funcionarios/ano_2026_tabelas_salariais_20260204.pdf
Curitiba;Auxiliar Administrativo Operacional;2026;40;IV;Parte permanente — Nível IV;XXII;5922,34;"Portaria SMGP nº 4/2026, Anexo B1 — parte permanente; Lei nº 16.198/2023";https://mid-transparencia.curitiba.pr.gov.br/funcionarios/ano_2026_tabelas_salariais_20260204.pdf
Curitiba;Auxiliar Administrativo Operacional;2026;40;IV;Parte permanente — Nível IV;XXIII;6088,16;"Portaria SMGP nº 4/2026, Anexo B1 — parte permanente; Lei nº 16.198/2023";https://mid-transparencia.curitiba.pr.gov.br/funcionarios/ano_2026_tabelas_salariais_20260204.pdf
Curitiba;Auxiliar Administrativo Operacional;2026;40;IV;Parte permanente — Nível IV;XXIV;6258,63;"Portaria SMGP nº 4/2026, Anexo B1 — parte permanente; Lei nº 16.198/2023";https://mid-transparencia.curitiba.pr.gov.br/funcionarios/ano_2026_tabelas_salariais_20260204.pdf
Curitiba;Auxiliar Administrativo Operacional;2026;40;IV;Parte permanente — Nível IV;XXV;6433,87;"Portaria SMGP nº 4/2026, Anexo B1 — parte permanente; Lei nº 16.198/2023";https://mid-transparencia.curitiba.pr.gov.br/funcionarios/ano_2026_tabelas_salariais_20260204.pdf
Curitiba;Auxiliar Administrativo Operacional;2026;40;IV;Parte permanente — Nível IV;XXVI;6614,02;"Portaria SMGP nº 4/2026, Anexo B1 — parte permanente; Lei nº 16.198/2023";https://mid-transparencia.curitiba.pr.gov.br/funcionarios/ano_2026_tabelas_salariais_20260204.pdf
Curitiba;Auxiliar Administrativo Operacional;2026;40;IV;Parte permanente — Nível IV;XXVII;6799,22;"Portaria SMGP nº 4/2026, Anexo B1 — parte permanente; Lei nº 16.198/2023";https://mid-transparencia.curitiba.pr.gov.br/funcionarios/ano_2026_tabelas_salariais_20260204.pdf
Curitiba;Auxiliar Administrativo Operacional;2026;40;IV;Parte permanente — Nível IV;XXVIII;6989,59;"Portaria SMGP nº 4/2026, Anexo B1 — parte permanente; Lei nº 16.198/2023";https://mid-transparencia.curitiba.pr.gov.br/funcionarios/ano_2026_tabelas_salariais_20260204.pdf
Curitiba;Auxiliar Administrativo Operacional;2026;40;IV;Parte permanente — Nível IV;XXIX;7185,30;"Portaria SMGP nº 4/2026, Anexo B1 — parte permanente; Lei nº 16.198/2023";https://mid-transparencia.curitiba.pr.gov.br/funcionarios/ano_2026_tabelas_salariais_20260204.pdf
Curitiba;Auxiliar Administrativo Operacional;2026;40;IV;Parte permanente — Nível IV;XXX;7386,49;"Portaria SMGP nº 4/2026, Anexo B1 — parte permanente; Lei nº 16.198/2023";https://mid-transparencia.curitiba.pr.gov.br/funcionarios/ano_2026_tabelas_salariais_20260204.pdf
Curitiba;Auxiliar Administrativo Operacional;2026;40;IV;Parte permanente — Nível IV;XXXI;7593,31;"Portaria SMGP nº 4/2026, Anexo B1 — parte permanente; Lei nº 16.198/2023";https://mid-transparencia.curitiba.pr.gov.br/funcionarios/ano_2026_tabelas_salariais_20260204.pdf
Curitiba;Auxiliar Administrativo Operacional;2026;40;IV;Parte permanente — Nível IV;XXXII;7805,92;"Portaria SMGP nº 4/2026, Anexo B1 — parte permanente; Lei nº 16.198/2023";https://mid-transparencia.curitiba.pr.gov.br/funcionarios/ano_2026_tabelas_salariais_20260204.pdf
Curitiba;Auxiliar Administrativo Operacional;2026;40;IV;Parte permanente — Nível IV;XXXIII;8024,49;"Portaria SMGP nº 4/2026, Anexo B1 — parte permanente; Lei nº 16.198/2023";https://mid-transparencia.curitiba.pr.gov.br/funcionarios/ano_2026_tabelas_salariais_20260204.pdf
Curitiba;Auxiliar Administrativo Operacional;2026;40;IV;Parte permanente — Nível IV;XXXIV;8249,18;"Portaria SMGP nº 4/2026, Anexo B1 — parte permanente; Lei nº 16.198/2023";https://mid-transparencia.curitiba.pr.gov.br/funcionarios/ano_2026_tabelas_salariais_20260204.pdf
Curitiba;Auxiliar Administrativo Operacional;2026;40;IV;Parte permanente — Nível IV;XXXV;8480,15;"Portaria SMGP nº 4/2026, Anexo B1 — parte permanente; Lei nº 16.198/2023";https://mid-transparencia.curitiba.pr.gov.br/funcionarios/ano_2026_tabelas_salariais_20260204.pdf
Curitiba;Auxiliar Administrativo Operacional;2026;40;IV;Parte permanente — Nível IV;XXXVI;8717,60;"Portaria SMGP nº 4/2026, Anexo B1 — parte permanente; Lei nº 16.198/2023";https://mid-transparencia.curitiba.pr.gov.br/funcionarios/ano_2026_tabelas_salariais_20260204.pdf
Curitiba;Auxiliar Administrativo Operacional;2026;40;IV;Parte permanente — Nível IV;XXXVII;8961,69;"Portaria SMGP nº 4/2026, Anexo B1 — parte permanente; Lei nº 16.198/2023";https://mid-transparencia.curitiba.pr.gov.br/funcionarios/ano_2026_tabelas_salariais_20260204.pdf
Curitiba;Auxiliar Administrativo Operacional;2026;40;IV;Parte permanente — Nível IV;XXXVIII;9212,62;"Portaria SMGP nº 4/2026, Anexo B1 — parte permanente; Lei nº 16.198/2023";https://mid-transparencia.curitiba.pr.gov.br/funcionarios/ano_2026_tabelas_salariais_20260204.pdf
Curitiba;Auxiliar Administrativo Operacional;2026;40;IV;Parte permanente — Nível IV;XXXIX;9470,57;"Portaria SMGP nº 4/2026, Anexo B1 — parte permanente; Lei nº 16.198/2023";https://mid-transparencia.curitiba.pr.gov.br/funcionarios/ano_2026_tabelas_salariais_20260204.pdf
Curitiba;Auxiliar Administrativo Operacional;2026;40;IV;Parte permanente — Nível IV;XL;9735,75;"Portaria SMGP nº 4/2026, Anexo B1 — parte permanente; Lei nº 16.198/2023";https://mid-transparencia.curitiba.pr.gov.br/funcionarios/ano_2026_tabelas_salariais_20260204.pdf
Curitiba;Auxiliar Administrativo Operacional;2026;40;IV;Parte permanente — Nível IV;XLI;10008,35;"Portaria SMGP nº 4/2026, Anexo B1 — parte permanente; Lei nº 16.198/2023";https://mid-transparencia.curitiba.pr.gov.br/funcionarios/ano_2026_tabelas_salariais_20260204.pdf
Curitiba;Auxiliar Administrativo Operacional;2026;40;IV;Parte permanente — Nível IV;XLII;10288,58;"Portaria SMGP nº 4/2026, Anexo B1 — parte permanente; Lei nº 16.198/2023";https://mid-transparencia.curitiba.pr.gov.br/funcionarios/ano_2026_tabelas_salariais_20260204.pdf
Curitiba;Auxiliar Administrativo Operacional;2026;40;IV;Parte permanente — Nível IV;XLIII;10576,66;"Portaria SMGP nº 4/2026, Anexo B1 — parte permanente; Lei nº 16.198/2023";https://mid-transparencia.curitiba.pr.gov.br/funcionarios/ano_2026_tabelas_salariais_20260204.pdf
Curitiba;Auxiliar Administrativo Operacional;2026;40;IV;Parte permanente — Nível IV;XLIV;10872,81;"Portaria SMGP nº 4/2026, Anexo B1 — parte permanente; Lei nº 16.198/2023";https://mid-transparencia.curitiba.pr.gov.br/funcionarios/ano_2026_tabelas_salariais_20260204.pdf
Curitiba;Auxiliar Administrativo Operacional;2026;40;IV;Parte permanente — Nível IV;XLV;11177,25;"Portaria SMGP nº 4/2026, Anexo B1 — parte permanente; Lei nº 16.198/2023";https://mid-transparencia.curitiba.pr.gov.br/funcionarios/ano_2026_tabelas_salariais_20260204.pdf
Curitiba;Auxiliar Administrativo Operacional;2026;40;IV;Parte permanente — Nível IV;XLVI;11490,21;"Portaria SMGP nº 4/2026, Anexo B1 — parte permanente; Lei nº 16.198/2023";https://mid-transparencia.curitiba.pr.gov.br/funcionarios/ano_2026_tabelas_salariais_20260204.pdf
